﻿<?xml version="1.0" encoding="utf-8" ?>
<items>
  <item Id="1"  Name="John" Age="14" IsActive="Yes"/>
  <item Id="2"  Name="Michael" Age="24" IsActive="No"/>
  <item Id="3"  Name="Thomas" Age="41" IsActive="No"/>
  <item Id="4"  Name="Christina" Age="21" IsActive="No"/>
  <item Id="5"  Name="Hanna" Age="46" IsActive="No"/>
  <item Id="6"  Name="Laurence" Age="37" IsActive="Yes"/>
  <item Id="7"  Name="Elizabeth" Age="39" IsActive="Yes"/>
  <item Id="8"  Name="Victoria" Age="54" IsActive="Yes"/>
  <item Id="9"  Name="Patricio" Age="18" IsActive="Yes"/>
  <item Id="10" Name="Francisco" Age="37" IsActive="No"/>
  <item Id="11" Name="Yang" Age="50" IsActive="No"/>
  <item Id="12" Name="Pedro" Age="61" IsActive="Yes"/>
  <item Id="13" Name="Sven" Age="11" IsActive="No"/>
  <item Id="14" Name="Janine" Age="47" IsActive="Yes"/>
  <item Id="15" Name="Ann" Age="32" IsActive="No"/>
  <item Id="16" Name="Roland" Age="33" IsActive="Yes"/>
</items>